{"mean": [0.2904358574356884, 0.4737178964498453, 1.8579352864623069, -1.257620678016916, 291.8577352967262, -0.19425994692929088, 0.3985786756854504, 0.928703817466274, -1.6872720945999027, 251.06605834800004, 0.368756250590086, 0.3908564811153337, 1.8594709992408753, -1.067997302249074, 239.1702803955078, 1.0, 0.0], "scale": [0.46079083632932183, 0.6721378516249414, 1.7522863554643078, 1.987001132201373, 811.5843792414795, 0.6608684306584575, 0.4511517342264524, 1.170987212565264, 2.1195737281239095, 890.9219936623077, 0.5408019305944016, 0.4647769091810728, 1.8228300968797184, 1.9112967980827609, 409.28950384278477, 1.0, 1.0]}